node_index_in_matrix_0based,index,label,network_label,label_7network,index_17network,label_17network,network_label_17network,atlas_name,network_id
0,1,LH_Vis_1,Vis,7Networks_LH_Vis_1,7.0,17Networks_LH_VisPeri_ExStrInf_1,VisPeri,4S256,
1,2,LH_Vis_2,Vis,7Networks_LH_Vis_2,1.0,17Networks_LH_VisCent_ExStr_1,VisCent,4S256,
2,3,LH_Vis_3,Vis,7Networks_LH_Vis_3,30.0,17Networks_LH_DorsAttnA_TempOcc_2,DorsAttnA,4S256,
3,4,LH_Vis_4,Vis,7Networks_LH_Vis_4,8.0,17Networks_LH_VisPeri_ExStrInf_2,VisPeri,4S256,
4,5,LH_Vis_5,Vis,7Networks_LH_Vis_5,2.0,17Networks_LH_VisCent_ExStr_2,VisCent,4S256,
5,6,LH_Vis_6,Vis,7Networks_LH_Vis_6,9.0,17Networks_LH_VisPeri_ExStrInf_3,VisPeri,4S256,
6,7,LH_Vis_7,Vis,7Networks_LH_Vis_7,3.0,17Networks_LH_VisCent_Striate_1,VisCent,4S256,
7,8,LH_Vis_8,Vis,7Networks_LH_Vis_8,31.0,17Networks_LH_DorsAttnA_ParOcc_1,DorsAttnA,4S256,
8,9,LH_Vis_9,Vis,7Networks_LH_Vis_9,4.0,17Networks_LH_VisCent_ExStr_3,VisCent,4S256,
9,10,LH_Vis_10,Vis,7Networks_LH_Vis_10,10.0,17Networks_LH_VisPeri_StriCal_1,VisPeri,4S256,
10,11,LH_Vis_11,Vis,7Networks_LH_Vis_11,5.0,17Networks_LH_VisCent_ExStr_4,VisCent,4S256,
11,12,LH_Vis_12,Vis,7Networks_LH_Vis_12,11.0,17Networks_LH_VisPeri_ExStrSup_1,VisPeri,4S256,
12,13,LH_Vis_13,Vis,7Networks_LH_Vis_13,12.0,17Networks_LH_VisPeri_ExStrSup_2,VisPeri,4S256,
13,14,LH_Vis_14,Vis,7Networks_LH_Vis_14,6.0,17Networks_LH_VisCent_ExStr_5,VisCent,4S256,
14,15,LH_SomMot_1,SomMot,7Networks_LH_SomMot_1,21.0,17Networks_LH_SomMotB_Aud_1,SomMotB,4S256,
15,16,LH_SomMot_2,SomMot,7Networks_LH_SomMot_2,22.0,17Networks_LH_SomMotB_Aud_2,SomMotB,4S256,
16,17,LH_SomMot_3,SomMot,7Networks_LH_SomMot_3,23.0,17Networks_LH_SomMotB_S2_1,SomMotB,4S256,
17,18,LH_SomMot_4,SomMot,7Networks_LH_SomMot_4,24.0,17Networks_LH_SomMotB_S2_2,SomMotB,4S256,
18,19,LH_SomMot_5,SomMot,7Networks_LH_SomMot_5,26.0,17Networks_LH_SomMotB_S2_3,SomMotB,4S256,
19,20,LH_SomMot_6,SomMot,7Networks_LH_SomMot_6,27.0,17Networks_LH_SomMotB_Cent_1,SomMotB,4S256,
20,21,LH_SomMot_7,SomMot,7Networks_LH_SomMot_7,28.0,17Networks_LH_SomMotB_Cent_2,SomMotB,4S256,
21,22,LH_SomMot_8,SomMot,7Networks_LH_SomMot_8,13.0,17Networks_LH_SomMotA_1,SomMotA,4S256,
22,23,LH_SomMot_9,SomMot,7Networks_LH_SomMot_9,14.0,17Networks_LH_SomMotA_2,SomMotA,4S256,
23,24,LH_SomMot_10,SomMot,7Networks_LH_SomMot_10,15.0,17Networks_LH_SomMotA_3,SomMotA,4S256,
24,25,LH_SomMot_11,SomMot,7Networks_LH_SomMot_11,37.0,17Networks_LH_DorsAttnB_PostC_3,DorsAttnB,4S256,
25,26,LH_SomMot_12,SomMot,7Networks_LH_SomMot_12,16.0,17Networks_LH_SomMotA_4,SomMotA,4S256,
26,27,LH_SomMot_13,SomMot,7Networks_LH_SomMot_13,17.0,17Networks_LH_SomMotA_5,SomMotA,4S256,
27,28,LH_SomMot_14,SomMot,7Networks_LH_SomMot_14,18.0,17Networks_LH_SomMotA_6,SomMotA,4S256,
28,29,LH_SomMot_15,SomMot,7Networks_LH_SomMot_15,19.0,17Networks_LH_SomMotA_7,SomMotA,4S256,
29,30,LH_SomMot_16,SomMot,7Networks_LH_SomMot_16,20.0,17Networks_LH_SomMotA_8,SomMotA,4S256,
30,31,LH_DorsAttn_Post_1,DorsAttn,7Networks_LH_DorsAttn_Post_1,29.0,17Networks_LH_DorsAttnA_TempOcc_1,DorsAttnA,4S256,
31,32,LH_DorsAttn_Post_2,DorsAttn,7Networks_LH_DorsAttn_Post_2,57.0,17Networks_LH_ContA_Temp_1,ContA,4S256,
32,33,LH_DorsAttn_Post_3,DorsAttn,7Networks_LH_DorsAttn_Post_3,32.0,17Networks_LH_DorsAttnA_SPL_1,DorsAttnA,4S256,
33,34,LH_DorsAttn_Post_4,DorsAttn,7Networks_LH_DorsAttn_Post_4,35.0,17Networks_LH_DorsAttnB_PostC_1,DorsAttnB,4S256,
34,35,LH_DorsAttn_Post_5,DorsAttn,7Networks_LH_DorsAttn_Post_5,36.0,17Networks_LH_DorsAttnB_PostC_2,DorsAttnB,4S256,
35,36,LH_DorsAttn_Post_6,DorsAttn,7Networks_LH_DorsAttn_Post_6,60.0,17Networks_LH_ContA_IPS_3,ContA,4S256,
36,37,LH_DorsAttn_Post_7,DorsAttn,7Networks_LH_DorsAttn_Post_7,33.0,17Networks_LH_DorsAttnA_SPL_2,DorsAttnA,4S256,
37,38,LH_DorsAttn_Post_8,DorsAttn,7Networks_LH_DorsAttn_Post_8,34.0,17Networks_LH_DorsAttnA_SPL_3,DorsAttnA,4S256,
38,39,LH_DorsAttn_Post_9,DorsAttn,7Networks_LH_DorsAttn_Post_9,73.0,17Networks_LH_ContC_pCun_2,ContC,4S256,
39,40,LH_DorsAttn_Post_10,DorsAttn,7Networks_LH_DorsAttn_Post_10,38.0,17Networks_LH_DorsAttnB_PostC_4,DorsAttnB,4S256,
40,41,LH_DorsAttn_FEF_1,DorsAttn,7Networks_LH_DorsAttn_FEF_1,39.0,17Networks_LH_DorsAttnB_FEF_1,DorsAttnB,4S256,
41,42,LH_DorsAttn_FEF_2,DorsAttn,7Networks_LH_DorsAttn_FEF_2,61.0,17Networks_LH_ContA_PFCd_1,ContA,4S256,
42,43,LH_DorsAttn_PrCv_1,DorsAttn,7Networks_LH_DorsAttn_PrCv_1,64.0,17Networks_LH_ContA_PFCl_2,ContA,4S256,
43,44,LH_SalVentAttn_ParOper_1,SalVentAttn,7Networks_LH_SalVentAttn_ParOper_1,25.0,17Networks_LH_SomMotB_Aud_3,SomMotB,4S256,
44,45,LH_SalVentAttn_ParOper_2,SalVentAttn,7Networks_LH_SalVentAttn_ParOper_2,40.0,17Networks_LH_SalVentAttnA_ParOper_1,SalVentAttnA,4S256,
45,46,LH_SalVentAttn_ParOper_3,SalVentAttn,7Networks_LH_SalVentAttn_ParOper_3,47.0,17Networks_LH_SalVentAttnB_IPL_1,SalVentAttnB,4S256,
46,47,LH_SalVentAttn_FrOperIns_1,SalVentAttn,7Networks_LH_SalVentAttn_FrOperIns_1,41.0,17Networks_LH_SalVentAttnA_Ins_1,SalVentAttnA,4S256,
47,48,LH_SalVentAttn_FrOperIns_2,SalVentAttn,7Networks_LH_SalVentAttn_FrOperIns_2,49.0,17Networks_LH_SalVentAttnB_Ins_1,SalVentAttnB,4S256,
48,49,LH_SalVentAttn_FrOperIns_3,SalVentAttn,7Networks_LH_SalVentAttn_FrOperIns_3,42.0,17Networks_LH_SalVentAttnA_FrOper_1,SalVentAttnA,4S256,
49,50,LH_SalVentAttn_FrOperIns_4,SalVentAttn,7Networks_LH_SalVentAttn_FrOperIns_4,43.0,17Networks_LH_SalVentAttnA_FrOper_2,SalVentAttnA,4S256,
50,51,LH_SalVentAttn_PFCl_1,SalVentAttn,7Networks_LH_SalVentAttn_PFCl_1,48.0,17Networks_LH_SalVentAttnB_PFCl_1,SalVentAttnB,4S256,
51,52,LH_SalVentAttn_Med_1,SalVentAttn,7Networks_LH_SalVentAttn_Med_1,45.0,17Networks_LH_SalVentAttnA_FrMed_1,SalVentAttnA,4S256,
52,53,LH_SalVentAttn_Med_2,SalVentAttn,7Networks_LH_SalVentAttn_Med_2,44.0,17Networks_LH_SalVentAttnA_ParMed_1,SalVentAttnA,4S256,
53,54,LH_SalVentAttn_Med_3,SalVentAttn,7Networks_LH_SalVentAttn_Med_3,46.0,17Networks_LH_SalVentAttnA_FrMed_2,SalVentAttnA,4S256,
54,55,LH_Limbic_OFC_1,Limbic,7Networks_LH_Limbic_OFC_1,51.0,17Networks_LH_LimbicB_OFC_1,LimbicB,4S256,
55,56,LH_Limbic_OFC_2,Limbic,7Networks_LH_Limbic_OFC_2,52.0,17Networks_LH_LimbicB_OFC_2,LimbicB,4S256,
56,57,LH_Limbic_TempPole_1,Limbic,7Networks_LH_Limbic_TempPole_1,53.0,17Networks_LH_LimbicA_TempPole_1,LimbicA,4S256,
57,58,LH_Limbic_TempPole_2,Limbic,7Networks_LH_Limbic_TempPole_2,54.0,17Networks_LH_LimbicA_TempPole_2,LimbicA,4S256,
58,59,LH_Limbic_TempPole_3,Limbic,7Networks_LH_Limbic_TempPole_3,55.0,17Networks_LH_LimbicA_TempPole_3,LimbicA,4S256,
59,60,LH_Limbic_TempPole_4,Limbic,7Networks_LH_Limbic_TempPole_4,56.0,17Networks_LH_LimbicA_TempPole_4,LimbicA,4S256,
60,61,LH_Cont_Par_1,Cont,7Networks_LH_Cont_Par_1,68.0,17Networks_LH_ContB_IPL_1,ContB,4S256,
61,62,LH_Cont_Par_2,Cont,7Networks_LH_Cont_Par_2,58.0,17Networks_LH_ContA_IPS_1,ContA,4S256,
62,63,LH_Cont_Par_3,Cont,7Networks_LH_Cont_Par_3,59.0,17Networks_LH_ContA_IPS_2,ContA,4S256,
63,64,LH_Cont_Temp_1,Cont,7Networks_LH_Cont_Temp_1,67.0,17Networks_LH_ContB_Temp_1,ContB,4S256,
64,65,LH_Cont_OFC_1,Cont,7Networks_LH_Cont_OFC_1,93.0,17Networks_LH_DefaultB_PFCv_2,DefaultB,4S256,
65,66,LH_Cont_PFCl_1,Cont,7Networks_LH_Cont_PFCl_1,70.0,17Networks_LH_ContB_PFClv_1,ContB,4S256,
66,67,LH_Cont_PFCl_2,Cont,7Networks_LH_Cont_PFCl_2,71.0,17Networks_LH_ContB_PFClv_2,ContB,4S256,
67,68,LH_Cont_PFCl_3,Cont,7Networks_LH_Cont_PFCl_3,62.0,17Networks_LH_ContA_PFClv_1,ContA,4S256,
68,69,LH_Cont_PFCl_4,Cont,7Networks_LH_Cont_PFCl_4,63.0,17Networks_LH_ContA_PFCl_1,ContA,4S256,
69,70,LH_Cont_PFCl_5,Cont,7Networks_LH_Cont_PFCl_5,65.0,17Networks_LH_ContA_PFCl_3,ContA,4S256,
70,71,LH_Cont_pCun_1,Cont,7Networks_LH_Cont_pCun_1,72.0,17Networks_LH_ContC_pCun_1,ContC,4S256,
71,72,LH_Cont_Cing_1,Cont,7Networks_LH_Cont_Cing_1,74.0,17Networks_LH_ContC_Cingp_1,ContC,4S256,
72,73,LH_Cont_Cing_2,Cont,7Networks_LH_Cont_Cing_2,66.0,17Networks_LH_ContA_Cingm_1,ContA,4S256,
73,74,LH_Default_Temp_1,Default,7Networks_LH_Default_Temp_1,83.0,17Networks_LH_DefaultB_Temp_1,DefaultB,4S256,
74,75,LH_Default_Temp_2,Default,7Networks_LH_Default_Temp_2,84.0,17Networks_LH_DefaultB_Temp_2,DefaultB,4S256,
75,76,LH_Default_Temp_3,Default,7Networks_LH_Default_Temp_3,85.0,17Networks_LH_DefaultB_Temp_3,DefaultB,4S256,
76,77,LH_Default_Temp_4,Default,7Networks_LH_Default_Temp_4,86.0,17Networks_LH_DefaultB_Temp_4,DefaultB,4S256,
77,78,LH_Default_Temp_5,Default,7Networks_LH_Default_Temp_5,99.0,17Networks_LH_TempPar_1,TempPar,4S256,
78,79,LH_Default_Par_1,Default,7Networks_LH_Default_Par_1,100.0,17Networks_LH_TempPar_2,TempPar,4S256,
79,80,LH_Default_Par_2,Default,7Networks_LH_Default_Par_2,96.0,17Networks_LH_DefaultC_IPL_1,DefaultC,4S256,
80,81,LH_Default_Par_3,Default,7Networks_LH_Default_Par_3,87.0,17Networks_LH_DefaultB_IPL_1,DefaultB,4S256,
81,82,LH_Default_Par_4,Default,7Networks_LH_Default_Par_4,75.0,17Networks_LH_DefaultA_IPL_1,DefaultA,4S256,
82,83,LH_Default_PFC_1,Default,7Networks_LH_Default_PFC_1,92.0,17Networks_LH_DefaultB_PFCv_1,DefaultB,4S256,
83,84,LH_Default_PFC_2,Default,7Networks_LH_Default_PFC_2,80.0,17Networks_LH_DefaultA_PFCm_1,DefaultA,4S256,
84,85,LH_Default_PFC_3,Default,7Networks_LH_Default_PFC_3,94.0,17Networks_LH_DefaultB_PFCv_3,DefaultB,4S256,
85,86,LH_Default_PFC_4,Default,7Networks_LH_Default_PFC_4,81.0,17Networks_LH_DefaultA_PFCm_2,DefaultA,4S256,
86,87,LH_Default_PFC_5,Default,7Networks_LH_Default_PFC_5,95.0,17Networks_LH_DefaultB_PFCv_4,DefaultB,4S256,
87,88,LH_Default_PFC_6,Default,7Networks_LH_Default_PFC_6,82.0,17Networks_LH_DefaultA_PFCm_3,DefaultA,4S256,
88,89,LH_Default_PFC_7,Default,7Networks_LH_Default_PFC_7,88.0,17Networks_LH_DefaultB_PFCd_1,DefaultB,4S256,
89,90,LH_Default_PFC_8,Default,7Networks_LH_Default_PFC_8,50.0,17Networks_LH_SalVentAttnB_PFCmp_1,SalVentAttnB,4S256,
90,91,LH_Default_PFC_9,Default,7Networks_LH_Default_PFC_9,89.0,17Networks_LH_DefaultB_PFCd_2,DefaultB,4S256,
91,92,LH_Default_PFC_10,Default,7Networks_LH_Default_PFC_10,90.0,17Networks_LH_DefaultB_PFCd_3,DefaultB,4S256,
92,93,LH_Default_PFC_11,Default,7Networks_LH_Default_PFC_11,69.0,17Networks_LH_ContB_PFCl_1,ContB,4S256,
93,94,LH_Default_PFC_12,Default,7Networks_LH_Default_PFC_12,76.0,17Networks_LH_DefaultA_PFCd_1,DefaultA,4S256,
94,95,LH_Default_PFC_13,Default,7Networks_LH_Default_PFC_13,91.0,17Networks_LH_DefaultB_PFCd_4,DefaultB,4S256,
95,96,LH_Default_pCunPCC_1,Default,7Networks_LH_Default_pCunPCC_1,97.0,17Networks_LH_DefaultC_Rsp_1,DefaultC,4S256,
96,97,LH_Default_pCunPCC_2,Default,7Networks_LH_Default_pCunPCC_2,77.0,17Networks_LH_DefaultA_pCunPCC_1,DefaultA,4S256,
97,98,LH_Default_pCunPCC_3,Default,7Networks_LH_Default_pCunPCC_3,78.0,17Networks_LH_DefaultA_pCunPCC_2,DefaultA,4S256,
98,99,LH_Default_pCunPCC_4,Default,7Networks_LH_Default_pCunPCC_4,79.0,17Networks_LH_DefaultA_pCunPCC_3,DefaultA,4S256,
99,100,LH_Default_PHC_1,Default,7Networks_LH_Default_PHC_1,98.0,17Networks_LH_DefaultC_PHC_1,DefaultC,4S256,
100,101,RH_Vis_1,Vis,7Networks_RH_Vis_1,164.0,17Networks_RH_LimbicA_TempPole_4,LimbicA,4S256,
101,102,RH_Vis_2,Vis,7Networks_RH_Vis_2,196.0,17Networks_RH_DefaultC_PHC_1,DefaultC,4S256,
102,103,RH_Vis_3,Vis,7Networks_RH_Vis_3,101.0,17Networks_RH_VisCent_ExStr_1,VisCent,4S256,
103,104,RH_Vis_4,Vis,7Networks_RH_Vis_4,107.0,17Networks_RH_VisPeri_ExStrInf_1,VisPeri,4S256,
104,105,RH_Vis_5,Vis,7Networks_RH_Vis_5,102.0,17Networks_RH_VisCent_ExStr_2,VisCent,4S256,
105,106,RH_Vis_6,Vis,7Networks_RH_Vis_6,103.0,17Networks_RH_VisCent_Striate_1,VisCent,4S256,
106,107,RH_Vis_7,Vis,7Networks_RH_Vis_7,108.0,17Networks_RH_VisPeri_ExStrInf_2,VisPeri,4S256,
107,108,RH_Vis_8,Vis,7Networks_RH_Vis_8,104.0,17Networks_RH_VisCent_ExStr_3,VisCent,4S256,
108,109,RH_Vis_9,Vis,7Networks_RH_Vis_9,109.0,17Networks_RH_VisPeri_StriCal_1,VisPeri,4S256,
109,110,RH_Vis_10,Vis,7Networks_RH_Vis_10,110.0,17Networks_RH_VisPeri_ExStrSup_1,VisPeri,4S256,
110,111,RH_Vis_11,Vis,7Networks_RH_Vis_11,105.0,17Networks_RH_VisCent_ExStr_4,VisCent,4S256,
111,112,RH_Vis_12,Vis,7Networks_RH_Vis_12,106.0,17Networks_RH_VisCent_ExStr_5,VisCent,4S256,
112,113,RH_Vis_13,Vis,7Networks_RH_Vis_13,111.0,17Networks_RH_VisPeri_ExStrSup_2,VisPeri,4S256,
113,114,RH_Vis_14,Vis,7Networks_RH_Vis_14,112.0,17Networks_RH_VisPeri_ExStrSup_3,VisPeri,4S256,
114,115,RH_Vis_15,Vis,7Networks_RH_Vis_15,133.0,17Networks_RH_DorsAttnA_SPL_1,DorsAttnA,4S256,
115,116,RH_SomMot_1,SomMot,7Networks_RH_SomMot_1,124.0,17Networks_RH_SomMotB_Aud_1,SomMotB,4S256,
116,117,RH_SomMot_2,SomMot,7Networks_RH_SomMot_2,125.0,17Networks_RH_SomMotB_Aud_2,SomMotB,4S256,
117,118,RH_SomMot_3,SomMot,7Networks_RH_SomMot_3,126.0,17Networks_RH_SomMotB_S2_1,SomMotB,4S256,
118,119,RH_SomMot_4,SomMot,7Networks_RH_SomMot_4,127.0,17Networks_RH_SomMotB_S2_2,SomMotB,4S256,
119,120,RH_SomMot_5,SomMot,7Networks_RH_SomMot_5,128.0,17Networks_RH_SomMotB_S2_3,SomMotB,4S256,
120,121,RH_SomMot_6,SomMot,7Networks_RH_SomMot_6,129.0,17Networks_RH_SomMotB_S2_4,SomMotB,4S256,
121,122,RH_SomMot_7,SomMot,7Networks_RH_SomMot_7,130.0,17Networks_RH_SomMotB_Cent_1,SomMotB,4S256,
122,123,RH_SomMot_8,SomMot,7Networks_RH_SomMot_8,148.0,17Networks_RH_SalVentAttnA_ParMed_1,SalVentAttnA,4S256,
123,124,RH_SomMot_9,SomMot,7Networks_RH_SomMot_9,113.0,17Networks_RH_SomMotA_1,SomMotA,4S256,
124,125,RH_SomMot_10,SomMot,7Networks_RH_SomMot_10,114.0,17Networks_RH_SomMotA_2,SomMotA,4S256,
125,126,RH_SomMot_11,SomMot,7Networks_RH_SomMot_11,115.0,17Networks_RH_SomMotA_3,SomMotA,4S256,
126,127,RH_SomMot_12,SomMot,7Networks_RH_SomMot_12,116.0,17Networks_RH_SomMotA_4,SomMotA,4S256,
127,128,RH_SomMot_13,SomMot,7Networks_RH_SomMot_13,117.0,17Networks_RH_SomMotA_5,SomMotA,4S256,
128,129,RH_SomMot_14,SomMot,7Networks_RH_SomMot_14,118.0,17Networks_RH_SomMotA_6,SomMotA,4S256,
129,130,RH_SomMot_15,SomMot,7Networks_RH_SomMot_15,119.0,17Networks_RH_SomMotA_7,SomMotA,4S256,
130,131,RH_SomMot_16,SomMot,7Networks_RH_SomMot_16,120.0,17Networks_RH_SomMotA_8,SomMotA,4S256,
131,132,RH_SomMot_17,SomMot,7Networks_RH_SomMot_17,121.0,17Networks_RH_SomMotA_9,SomMotA,4S256,
132,133,RH_SomMot_18,SomMot,7Networks_RH_SomMot_18,122.0,17Networks_RH_SomMotA_10,SomMotA,4S256,
133,134,RH_SomMot_19,SomMot,7Networks_RH_SomMot_19,123.0,17Networks_RH_SomMotA_11,SomMotA,4S256,
134,135,RH_DorsAttn_Post_1,DorsAttn,7Networks_RH_DorsAttn_Post_1,131.0,17Networks_RH_DorsAttnA_TempOcc_1,DorsAttnA,4S256,
135,136,RH_DorsAttn_Post_2,DorsAttn,7Networks_RH_DorsAttn_Post_2,132.0,17Networks_RH_DorsAttnA_ParOcc_1,DorsAttnA,4S256,
136,137,RH_DorsAttn_Post_3,DorsAttn,7Networks_RH_DorsAttn_Post_3,137.0,17Networks_RH_DorsAttnB_PostC_1,DorsAttnB,4S256,
137,138,RH_DorsAttn_Post_4,DorsAttn,7Networks_RH_DorsAttn_Post_4,166.0,17Networks_RH_ContA_IPS_2,ContA,4S256,
138,139,RH_DorsAttn_Post_5,DorsAttn,7Networks_RH_DorsAttn_Post_5,138.0,17Networks_RH_DorsAttnB_PostC_2,DorsAttnB,4S256,
139,140,RH_DorsAttn_Post_6,DorsAttn,7Networks_RH_DorsAttn_Post_6,134.0,17Networks_RH_DorsAttnA_SPL_2,DorsAttnA,4S256,
140,141,RH_DorsAttn_Post_7,DorsAttn,7Networks_RH_DorsAttn_Post_7,135.0,17Networks_RH_DorsAttnA_SPL_3,DorsAttnA,4S256,
141,142,RH_DorsAttn_Post_8,DorsAttn,7Networks_RH_DorsAttn_Post_8,136.0,17Networks_RH_DorsAttnA_SPL_4,DorsAttnA,4S256,
142,143,RH_DorsAttn_Post_9,DorsAttn,7Networks_RH_DorsAttn_Post_9,139.0,17Networks_RH_DorsAttnB_PostC_3,DorsAttnB,4S256,
143,144,RH_DorsAttn_Post_10,DorsAttn,7Networks_RH_DorsAttn_Post_10,140.0,17Networks_RH_DorsAttnB_PostC_4,DorsAttnB,4S256,
144,145,RH_DorsAttn_FEF_1,DorsAttn,7Networks_RH_DorsAttn_FEF_1,141.0,17Networks_RH_DorsAttnB_FEF_1,DorsAttnB,4S256,
145,146,RH_DorsAttn_FEF_2,DorsAttn,7Networks_RH_DorsAttn_FEF_2,167.0,17Networks_RH_ContA_PFCd_1,ContA,4S256,
146,147,RH_DorsAttn_PrCv_1,DorsAttn,7Networks_RH_DorsAttn_PrCv_1,168.0,17Networks_RH_ContA_PFCl_1,ContA,4S256,
147,148,RH_SalVentAttn_TempOccPar_1,SalVentAttn,7Networks_RH_SalVentAttn_TempOccPar_1,199.0,17Networks_RH_TempPar_3,TempPar,4S256,
148,149,RH_SalVentAttn_TempOccPar_2,SalVentAttn,7Networks_RH_SalVentAttn_TempOccPar_2,200.0,17Networks_RH_TempPar_4,TempPar,4S256,
149,150,RH_SalVentAttn_TempOccPar_3,SalVentAttn,7Networks_RH_SalVentAttn_TempOccPar_3,142.0,17Networks_RH_SalVentAttnA_ParOper_1,SalVentAttnA,4S256,
150,151,RH_SalVentAttn_PrC_1,SalVentAttn,7Networks_RH_SalVentAttn_PrC_1,143.0,17Networks_RH_SalVentAttnA_PrC_1,SalVentAttnA,4S256,
151,152,RH_SalVentAttn_FrOperIns_1,SalVentAttn,7Networks_RH_SalVentAttn_FrOperIns_1,144.0,17Networks_RH_SalVentAttnA_Ins_1,SalVentAttnA,4S256,
152,153,RH_SalVentAttn_FrOperIns_2,SalVentAttn,7Networks_RH_SalVentAttn_FrOperIns_2,145.0,17Networks_RH_SalVentAttnA_Ins_2,SalVentAttnA,4S256,
153,154,RH_SalVentAttn_FrOperIns_3,SalVentAttn,7Networks_RH_SalVentAttn_FrOperIns_3,155.0,17Networks_RH_SalVentAttnB_Ins_2,SalVentAttnB,4S256,
154,155,RH_SalVentAttn_FrOperIns_4,SalVentAttn,7Networks_RH_SalVentAttn_FrOperIns_4,146.0,17Networks_RH_SalVentAttnA_FrOper_1,SalVentAttnA,4S256,
155,156,RH_SalVentAttn_Med_1,SalVentAttn,7Networks_RH_SalVentAttn_Med_1,147.0,17Networks_RH_SalVentAttnA_FrMed_1,SalVentAttnA,4S256,
156,157,RH_SalVentAttn_Med_2,SalVentAttn,7Networks_RH_SalVentAttn_Med_2,149.0,17Networks_RH_SalVentAttnA_ParMed_2,SalVentAttnA,4S256,
157,158,RH_SalVentAttn_Med_3,SalVentAttn,7Networks_RH_SalVentAttn_Med_3,150.0,17Networks_RH_SalVentAttnA_FrMed_2,SalVentAttnA,4S256,
158,159,RH_Limbic_OFC_1,Limbic,7Networks_RH_Limbic_OFC_1,157.0,17Networks_RH_LimbicB_OFC_1,LimbicB,4S256,
159,160,RH_Limbic_OFC_2,Limbic,7Networks_RH_Limbic_OFC_2,158.0,17Networks_RH_LimbicB_OFC_2,LimbicB,4S256,
160,161,RH_Limbic_OFC_3,Limbic,7Networks_RH_Limbic_OFC_3,160.0,17Networks_RH_LimbicB_OFC_4,LimbicB,4S256,
161,162,RH_Limbic_TempPole_1,Limbic,7Networks_RH_Limbic_TempPole_1,161.0,17Networks_RH_LimbicA_TempPole_1,LimbicA,4S256,
162,163,RH_Limbic_TempPole_2,Limbic,7Networks_RH_Limbic_TempPole_2,162.0,17Networks_RH_LimbicA_TempPole_2,LimbicA,4S256,
163,164,RH_Limbic_TempPole_3,Limbic,7Networks_RH_Limbic_TempPole_3,163.0,17Networks_RH_LimbicA_TempPole_3,LimbicA,4S256,
164,165,RH_Cont_Par_1,Cont,7Networks_RH_Cont_Par_1,151.0,17Networks_RH_SalVentAttnB_IPL_1,SalVentAttnB,4S256,
165,166,RH_Cont_Par_2,Cont,7Networks_RH_Cont_Par_2,174.0,17Networks_RH_ContB_IPL_2,ContB,4S256,
166,167,RH_Cont_Par_3,Cont,7Networks_RH_Cont_Par_3,165.0,17Networks_RH_ContA_IPS_1,ContA,4S256,
167,168,RH_Cont_Temp_1,Cont,7Networks_RH_Cont_Temp_1,172.0,17Networks_RH_ContB_Temp_2,ContB,4S256,
168,169,RH_Cont_PFCv_1,Cont,7Networks_RH_Cont_PFCv_1,154.0,17Networks_RH_SalVentAttnB_Ins_1,SalVentAttnB,4S256,
169,170,RH_Cont_PFCl_1,Cont,7Networks_RH_Cont_PFCl_1,177.0,17Networks_RH_ContB_PFClv_1,ContB,4S256,
170,171,RH_Cont_PFCl_2,Cont,7Networks_RH_Cont_PFCl_2,178.0,17Networks_RH_ContB_PFClv_2,ContB,4S256,
171,172,RH_Cont_PFCl_3,Cont,7Networks_RH_Cont_PFCl_3,152.0,17Networks_RH_SalVentAttnB_PFClv_1,SalVentAttnB,4S256,
172,173,RH_Cont_PFCl_4,Cont,7Networks_RH_Cont_PFCl_4,169.0,17Networks_RH_ContA_PFCl_2,ContA,4S256,
173,174,RH_Cont_PFCl_5,Cont,7Networks_RH_Cont_PFCl_5,153.0,17Networks_RH_SalVentAttnB_PFCl_1,SalVentAttnB,4S256,
174,175,RH_Cont_PFCl_6,Cont,7Networks_RH_Cont_PFCl_6,175.0,17Networks_RH_ContB_PFCld_1,ContB,4S256,
175,176,RH_Cont_PFCl_7,Cont,7Networks_RH_Cont_PFCl_7,176.0,17Networks_RH_ContB_PFCld_2,ContB,4S256,
176,177,RH_Cont_pCun_1,Cont,7Networks_RH_Cont_pCun_1,181.0,17Networks_RH_ContC_pCun_1,ContC,4S256,
177,178,RH_Cont_Cing_1,Cont,7Networks_RH_Cont_Cing_1,183.0,17Networks_RH_ContC_Cingp_1,ContC,4S256,
178,179,RH_Cont_Cing_2,Cont,7Networks_RH_Cont_Cing_2,170.0,17Networks_RH_ContA_Cingm_1,ContA,4S256,
179,180,RH_Cont_PFCmp_1,Cont,7Networks_RH_Cont_PFCmp_1,156.0,17Networks_RH_SalVentAttnB_PFCmp_1,SalVentAttnB,4S256,
180,181,RH_Cont_PFCmp_2,Cont,7Networks_RH_Cont_PFCmp_2,179.0,17Networks_RH_ContB_PFCmp_1,ContB,4S256,
181,182,RH_Default_Par_1,Default,7Networks_RH_Default_Par_1,194.0,17Networks_RH_DefaultC_IPL_1,DefaultC,4S256,
182,183,RH_Default_Par_2,Default,7Networks_RH_Default_Par_2,184.0,17Networks_RH_DefaultA_IPL_1,DefaultA,4S256,
183,184,RH_Default_Par_3,Default,7Networks_RH_Default_Par_3,173.0,17Networks_RH_ContB_IPL_1,ContB,4S256,
184,185,RH_Default_Temp_1,Default,7Networks_RH_Default_Temp_1,191.0,17Networks_RH_DefaultB_AntTemp_1,DefaultB,4S256,
185,186,RH_Default_Temp_2,Default,7Networks_RH_Default_Temp_2,171.0,17Networks_RH_ContB_Temp_1,ContB,4S256,
186,187,RH_Default_Temp_3,Default,7Networks_RH_Default_Temp_3,197.0,17Networks_RH_TempPar_1,TempPar,4S256,
187,188,RH_Default_Temp_4,Default,7Networks_RH_Default_Temp_4,190.0,17Networks_RH_DefaultB_Temp_1,DefaultB,4S256,
188,189,RH_Default_Temp_5,Default,7Networks_RH_Default_Temp_5,198.0,17Networks_RH_TempPar_2,TempPar,4S256,
189,190,RH_Default_PFCv_1,Default,7Networks_RH_Default_PFCv_1,193.0,17Networks_RH_DefaultB_PFCv_1,DefaultB,4S256,
190,191,RH_Default_PFCdPFCm_1,Default,7Networks_RH_Default_PFCdPFCm_1,159.0,17Networks_RH_LimbicB_OFC_3,LimbicB,4S256,
191,192,RH_Default_PFCdPFCm_2,Default,7Networks_RH_Default_PFCdPFCm_2,187.0,17Networks_RH_DefaultA_PFCm_1,DefaultA,4S256,
192,193,RH_Default_PFCdPFCm_3,Default,7Networks_RH_Default_PFCdPFCm_3,188.0,17Networks_RH_DefaultA_PFCm_2,DefaultA,4S256,
193,194,RH_Default_PFCdPFCm_4,Default,7Networks_RH_Default_PFCdPFCm_4,189.0,17Networks_RH_DefaultA_PFCm_3,DefaultA,4S256,
194,195,RH_Default_PFCdPFCm_5,Default,7Networks_RH_Default_PFCdPFCm_5,192.0,17Networks_RH_DefaultB_PFCd_1,DefaultB,4S256,
195,196,RH_Default_PFCdPFCm_6,Default,7Networks_RH_Default_PFCdPFCm_6,185.0,17Networks_RH_DefaultA_PFCd_1,DefaultA,4S256,
196,197,RH_Default_PFCdPFCm_7,Default,7Networks_RH_Default_PFCdPFCm_7,180.0,17Networks_RH_ContB_PFCld_3,ContB,4S256,
197,198,RH_Default_pCunPCC_1,Default,7Networks_RH_Default_pCunPCC_1,195.0,17Networks_RH_DefaultC_Rsp_1,DefaultC,4S256,
198,199,RH_Default_pCunPCC_2,Default,7Networks_RH_Default_pCunPCC_2,186.0,17Networks_RH_DefaultA_pCunPCC_1,DefaultA,4S256,
199,200,RH_Default_pCunPCC_3,Default,7Networks_RH_Default_pCunPCC_3,182.0,17Networks_RH_ContC_pCun_2,ContC,4S256,
200,201,LH-Pu,,,,,,CIT168Subcortical,
201,202,LH-Ca,,,,,,CIT168Subcortical,
202,203,LH-NAC,,,,,,CIT168Subcortical,
203,204,LH-EXA,,,,,,CIT168Subcortical,
204,205,LH-GPe,,,,,,CIT168Subcortical,
205,206,LH-GPi,,,,,,CIT168Subcortical,
206,207,LH-SNc_PBP_VTA,,,,,,CIT168Subcortical,
207,208,LH-RN,,,,,,CIT168Subcortical,
208,209,LH-SNr,,,,,,CIT168Subcortical,
209,210,LH-VeP,,,,,,CIT168Subcortical,
210,211,LH-HN,,,,,,CIT168Subcortical,
211,212,LH-HTH,,,,,,CIT168Subcortical,
212,213,LH-MN,,,,,,CIT168Subcortical,
213,214,LH-STH,,,,,,CIT168Subcortical,
214,215,RH-Pu,,,,,,CIT168Subcortical,
215,216,RH-Ca,,,,,,CIT168Subcortical,
216,217,RH-NAC,,,,,,CIT168Subcortical,
217,218,RH-EXA,,,,,,CIT168Subcortical,
218,219,RH-GPe,,,,,,CIT168Subcortical,
219,220,RH-GPi,,,,,,CIT168Subcortical,
220,221,RH-SNc_PBP_VTA,,,,,,CIT168Subcortical,
221,222,RH-RN,,,,,,CIT168Subcortical,
222,223,RH-SNr,,,,,,CIT168Subcortical,
223,224,RH-VeP,,,,,,CIT168Subcortical,
224,225,RH-HN,,,,,,CIT168Subcortical,
225,226,RH-HTH,,,,,,CIT168Subcortical,
226,227,RH-MN,,,,,,CIT168Subcortical,
227,228,RH-STH,,,,,,CIT168Subcortical,
228,229,LH-Pulvinar,,,,,,ThalamusHCP,
229,230,LH-Anterior,,,,,,ThalamusHCP,
230,231,LH-Medio_Dorsal,,,,,,ThalamusHCP,
231,232,LH-Ventral_Latero_Dorsal,,,,,,ThalamusHCP,
232,233,LH-Central_Lateral-Lateral_Posterior-Medial_Pulvinar,,,,,,ThalamusHCP,
233,234,LH-Ventral_Anterior,,,,,,ThalamusHCP,
234,235,LH-Ventral_Latero_Ventral,,,,,,ThalamusHCP,
235,236,RH-Pulvinar,,,,,,ThalamusHCP,
236,237,RH-Anterior,,,,,,ThalamusHCP,
237,238,RH-Medio_Dorsal,,,,,,ThalamusHCP,
238,239,RH-Ventral_Latero_Dorsal,,,,,,ThalamusHCP,
239,240,RH-Central_Lateral-Lateral_Posterior-Medial_Pulvinar,,,,,,ThalamusHCP,
240,241,RH-Ventral_Anterior,,,,,,ThalamusHCP,
241,242,RH-Ventral_Latero_Ventral,,,,,,ThalamusHCP,
242,243,LH_Hippocampus,,,,,,SubcorticalHCP,
243,244,LH_Amygdala,,,,,,SubcorticalHCP,
244,245,RH_Hippocampus,,,,,,SubcorticalHCP,
245,246,RH_Amygdala,,,,,,SubcorticalHCP,
246,247,Cerebellar_Region1,,,,,,Cerebellum,
247,248,Cerebellar_Region2,,,,,,Cerebellum,
248,249,Cerebellar_Region3,,,,,,Cerebellum,
249,250,Cerebellar_Region4,,,,,,Cerebellum,
250,251,Cerebellar_Region5,,,,,,Cerebellum,
251,252,Cerebellar_Region6,,,,,,Cerebellum,
252,253,Cerebellar_Region7,,,,,,Cerebellum,
253,254,Cerebellar_Region8,,,,,,Cerebellum,
254,255,Cerebellar_Region9,,,,,,Cerebellum,
255,256,Cerebellar_Region10,,,,,,Cerebellum,
